No;Time;Comment;Scramble;Date;TimewithPenalty
1;12.34;Great solve! Smooth F2L and fast PLL;R U R' U' R' F R F';2024-01-15T10:30:00;12.34
2;14.67;Decent solve, struggled with OLL recognition;F R U R' U' F' R U R' U' R' F R F';2024-01-15T11:15:00;14.67
3;11.89;PB! Amazing solve with perfect look-ahead;R U R' U R U2 R' F R U R' U' F';2024-01-15T12:00:00;11.89
4;13.45;Consistent solve, good cross;F R U R' U' F' U R U R' U' R' F R F';2024-01-15T14:20:00;13.45
5;15.23;Slow F2L, need to work on efficiency;R U R' U' R' F R F' U F R U R' U' F';2024-01-15T16:45:00;15.23
6;10.56;NEW PB! Sub-11! Perfect solve;F R U R' U' F' R U R' U' R' F R F';2024-01-16T09:30:00;10.56
7;13.78;Good average solve;R U R' U R U2 R' F R U R' U' F';2024-01-16T11:00:00;13.78
8;12.91;Solid performance;F R U R' U' F' U R U R' U' R' F R F';2024-01-16T13:15:00;12.91
9;14.12;Decent solve;R U R' U' R' F R F' U F R U R' U' F';2024-01-16T15:30:00;14.12
10;11.23;Almost PB, great F2L;F R U R' U' F' R U R' U' R' F R F';2024-01-16T17:45:00;11.23
11;13.89;Morning solve - warming up;R U R' U R U2 R' F R U R' U' F';2024-01-17T08:20:00;13.89
12;12.67;Getting better;F R U R' U' F' U R U R' U' R' F R F';2024-01-17T10:00:00;12.67
13;13.34;Consistent times;R U R' U' R' F R F' U F R U R' U' F';2024-01-17T12:30:00;13.34
14;15.67;Need to practice more;F R U R' U' F' R U R' U' R' F R F';2024-01-17T14:45:00;15.67
15;12.45;Good solve;R U R' U R U2 R' F R U R' U' F';2024-01-17T16:20:00;12.45
16;13.78;Standard solve;F R U R' U' F' U R U R' U' R' F R F';2024-01-18T09:15:00;13.78
17;12.89;Feeling good today;R U R' U' R' F R F' U F R U R' U' F';2024-01-18T11:30:00;12.89
18;14.56;Struggled with recognition;F R U R' U' F' R U R' U' R' F R F';2024-01-18T13:45:00;14.56
19;10.89;Another sub-11! Amazing;R U R' U R U2 R' F R U R' U' F';2024-01-18T15:20:00;10.89
20;13.23;End of session solve;F R U R' U' F' U R U R' U' R' F R F';2024-01-18T17:00:00;13.23
